{"RESULT": {"MST": [[0, 1], [0, 2], [0, 3], [0, 4], [0, 5], [0, 6], [0, 7], [0, 8], [0, 9], [0, 10], [0, 11], [0, 12], [0, 13], [0, 14], [0, 15], [0, 16], [0, 17], [0, 18], [0, 19], [0, 20], [0, 21], [0, 22], [0, 23], [0, 24], [0, 25], [0, 26], [0, 27], [0, 28], [0, 29], [0, 30], [0, 31], [0, 32], [0, 33], [0, 34], [0, 35], [0, 36], [0, 37], [0, 38], [0, 39], [0, 40], [0, 41], [0, 42], [0, 43], [0, 44], [0, 45], [0, 46], [0, 47], [0, 48], [0, 49], [0, 50], [0, 51], [0, 52], [0, 53], [0, 54], [0, 55], [0, 56], [0, 57], [0, 58], [0, 59], [0, 60], [0, 61], [0, 62], [0, 63], [0, 64], [0, 65], [0, 66], [0, 67], [0, 68], [0, 69], [0, 70], [0, 71], [0, 72], [0, 73], [0, 74], [0, 75], [0, 76], [0, 77], [0, 78], [0, 79], [0, 80], [0, 81], [0, 82], [0, 83], [0, 84], [0, 85], [0, 86], [0, 87], [0, 88], [0, 89], [0, 90], [0, 91], [0, 92], [0, 93], [0, 94], [0, 95], [0, 96], [0, 97], [0, 98], [0, 99], [0, 100], [0, 101], [0, 102], [0, 103], [0, 104], [0, 105], [0, 106], [0, 107], [0, 108], [0, 109], [0, 110], [0, 111], [0, 112], [0, 113], [0, 114], [0, 115], [0, 116], [0, 117], [0, 118], [0, 119], [0, 120], [0, 121], [0, 122], [0, 123], [0, 124], [0, 125], [0, 126], [0, 127], [0, 128], [0, 129], [0, 130], [0, 131], [0, 132], [0, 133], [0, 134], [0, 135]], "BFS": [0, 1, 2, 3, 4, 5, 6, 7, 8, 9, 10, 11, 12, 13, 14, 15, 16, 17, 18, 19, 20, 21, 22, 23, 24, 25, 26, 27, 28, 29, 30, 31, 32, 33, 34, 35, 36, 37, 38, 39, 40, 41, 42, 43, 44, 45, 46, 47, 48, 49, 50, 51, 52, 53, 54, 55, 56, 57, 58, 59, 60, 61, 62, 63, 64, 65, 66, 67, 68, 69, 70, 71, 72, 73, 74, 75, 76, 77, 78, 79, 80, 81, 82, 83, 84, 85, 86, 87, 88, 89, 90, 91, 92, 93, 94, 95, 96, 97, 98, 99, 100, 101, 102, 103, 104, 105, 106, 107, 108, 109, 110, 111, 112, 113, 114, 115, 116, 117, 118, 119, 120, 121, 122, 123, 124, 125, 126, 127, 128, 129, 130, 131, 132, 133, 134, 135], "Pagerank": {"0": 0.007352941176470607, "1": 0.007352941176470607, "2": 0.007352941176470607, "3": 0.007352941176470607, "4": 0.007352941176470607, "5": 0.007352941176470607, "6": 0.007352941176470607, "7": 0.007352941176470607, "8": 0.007352941176470607, "9": 0.007352941176470607, "10": 0.007352941176470607, "11": 0.007352941176470607, "12": 0.007352941176470607, "13": 0.007352941176470607, "14": 0.007352941176470607, "15": 0.007352941176470607, "16": 0.007352941176470607, "17": 0.007352941176470607, "18": 0.007352941176470607, "19": 0.007352941176470607, "20": 0.007352941176470607, "21": 0.007352941176470607, "22": 0.007352941176470607, "23": 0.007352941176470607, "24": 0.007352941176470607, "25": 0.007352941176470607, "26": 0.007352941176470607, "27": 0.007352941176470607, "28": 0.007352941176470607, "29": 0.007352941176470607, "30": 0.007352941176470607, "31": 0.007352941176470607, "32": 0.007352941176470607, "33": 0.007352941176470607, "34": 0.007352941176470607, "35": 0.007352941176470607, "36": 0.007352941176470607, "37": 0.007352941176470607, "38": 0.007352941176470607, "39": 0.007352941176470607, "40": 0.007352941176470607, "41": 0.007352941176470607, "42": 0.007352941176470607, "43": 0.007352941176470607, "44": 0.007352941176470607, "45": 0.007352941176470607, "46": 0.007352941176470607, "47": 0.007352941176470607, "48": 0.007352941176470607, "49": 0.007352941176470607, "50": 0.007352941176470607, "51": 0.007352941176470607, "52": 0.007352941176470607, "53": 0.007352941176470607, "54": 0.007352941176470607, "55": 0.007352941176470607, "56": 0.007352941176470607, "57": 0.007352941176470607, "58": 0.007352941176470607, "59": 0.007352941176470607, "60": 0.007352941176470607, "61": 0.007352941176470607, "62": 0.007352941176470607, "63": 0.007352941176470607, "64": 0.007352941176470607, "65": 0.007352941176470607, "66": 0.007352941176470607, "67": 0.007352941176470607, "68": 0.007352941176470607, "69": 0.007352941176470607, "70": 0.007352941176470607, "71": 0.007352941176470607, "72": 0.007352941176470607, "73": 0.007352941176470607, "74": 0.007352941176470607, "75": 0.007352941176470607, "76": 0.007352941176470607, "77": 0.007352941176470607, "78": 0.007352941176470607, "79": 0.007352941176470607, "80": 0.007352941176470607, "81": 0.007352941176470607, "82": 0.007352941176470607, "83": 0.007352941176470607, "84": 0.007352941176470607, "85": 0.007352941176470607, "86": 0.007352941176470607, "87": 0.007352941176470607, "88": 0.007352941176470607, "89": 0.007352941176470607, "90": 0.007352941176470607, "91": 0.007352941176470607, "92": 0.007352941176470607, "93": 0.007352941176470607, "94": 0.007352941176470607, "95": 0.007352941176470607, "96": 0.007352941176470607, "97": 0.007352941176470607, "98": 0.007352941176470607, "99": 0.007352941176470607, "100": 0.007352941176470607, "101": 0.007352941176470607, "102": 0.007352941176470607, "103": 0.007352941176470607, "104": 0.007352941176470607, "105": 0.007352941176470607, "106": 0.007352941176470607, "107": 0.007352941176470607, "108": 0.007352941176470607, "109": 0.007352941176470607, "110": 0.007352941176470607, "111": 0.007352941176470607, "112": 0.007352941176470607, "113": 0.007352941176470607, "114": 0.007352941176470607, "115": 0.007352941176470607, "116": 0.007352941176470607, "117": 0.007352941176470607, "118": 0.007352941176470607, "119": 0.007352941176470607, "120": 0.007352941176470607, "121": 0.007352941176470607, "122": 0.007352941176470607, "123": 0.007352941176470607, "124": 0.007352941176470607, "125": 0.007352941176470607, "126": 0.007352941176470607, "127": 0.007352941176470607, "128": 0.007352941176470607, "129": 0.007352941176470607, "130": 0.007352941176470607, "131": 0.007352941176470607, "132": 0.007352941176470607, "133": 0.007352941176470607, "134": 0.007352941176470607, "135": 0.007352941176470607}}}