{"function": "Pagerank", "result": {"0": 0.003333333333333348, "1": 0.003333333333333348, "2": 0.003333333333333348, "3": 0.003333333333333348, "4": 0.003333333333333348, "5": 0.003333333333333348, "6": 0.003333333333333348, "7": 0.003333333333333348, "8": 0.003333333333333348, "9": 0.003333333333333348, "10": 0.003333333333333348, "11": 0.003333333333333348, "12": 0.003333333333333348, "13": 0.003333333333333348, "14": 0.003333333333333348, "15": 0.003333333333333348, "16": 0.003333333333333348, "17": 0.003333333333333348, "18": 0.003333333333333348, "19": 0.003333333333333348, "20": 0.003333333333333348, "21": 0.003333333333333348, "22": 0.003333333333333348, "23": 0.003333333333333348, "24": 0.003333333333333348, "25": 0.003333333333333348, "26": 0.003333333333333348, "27": 0.003333333333333348, "28": 0.003333333333333348, "29": 0.003333333333333348, "30": 0.003333333333333348, "31": 0.003333333333333348, "32": 0.003333333333333348, "33": 0.003333333333333348, "34": 0.003333333333333348, "35": 0.003333333333333348, "36": 0.003333333333333348, "37": 0.003333333333333348, "38": 0.003333333333333348, "39": 0.003333333333333348, "40": 0.003333333333333348, "41": 0.003333333333333348, "42": 0.003333333333333348, "43": 0.003333333333333348, "44": 0.003333333333333348, "45": 0.003333333333333348, "46": 0.003333333333333348, "47": 0.003333333333333348, "48": 0.003333333333333348, "49": 0.003333333333333348, "50": 0.003333333333333348, "51": 0.003333333333333348, "52": 0.003333333333333348, "53": 0.003333333333333348, "54": 0.003333333333333348, "55": 0.003333333333333348, "56": 0.003333333333333348, "57": 0.003333333333333348, "58": 0.003333333333333348, "59": 0.003333333333333348, "60": 0.003333333333333348, "61": 0.003333333333333348, "62": 0.003333333333333348, "63": 0.003333333333333348, "64": 0.003333333333333348, "65": 0.003333333333333348, "66": 0.003333333333333348, "67": 0.003333333333333348, "68": 0.003333333333333348, "69": 0.003333333333333348, "70": 0.003333333333333348, "71": 0.003333333333333348, "72": 0.003333333333333348, "73": 0.003333333333333348, "74": 0.003333333333333348, "75": 0.003333333333333348, "76": 0.003333333333333348, "77": 0.003333333333333348, "78": 0.003333333333333348, "79": 0.003333333333333348, "80": 0.003333333333333348, "81": 0.003333333333333348, "82": 0.003333333333333348, "83": 0.003333333333333348, "84": 0.003333333333333348, "85": 0.003333333333333348, "86": 0.003333333333333348, "87": 0.003333333333333348, "88": 0.003333333333333348, "89": 0.003333333333333348, "90": 0.003333333333333348, "91": 0.003333333333333348, "92": 0.003333333333333348, "93": 0.003333333333333348, "94": 0.003333333333333348, "95": 0.003333333333333348, "96": 0.003333333333333348, "97": 0.003333333333333348, "98": 0.003333333333333348, "99": 0.003333333333333348, "100": 0.003333333333333348, "101": 0.003333333333333348, "102": 0.003333333333333348, "103": 0.003333333333333348, "104": 0.003333333333333348, "105": 0.003333333333333348, "106": 0.003333333333333348, "107": 0.003333333333333348, "108": 0.003333333333333348, "109": 0.003333333333333348, "110": 0.003333333333333348, "111": 0.003333333333333348, "112": 0.003333333333333348, "113": 0.003333333333333348, "114": 0.003333333333333348, "115": 0.003333333333333348, "116": 0.003333333333333348, "117": 0.003333333333333348, "118": 0.003333333333333348, "119": 0.003333333333333348, "120": 0.003333333333333348, "121": 0.003333333333333348, "122": 0.003333333333333348, "123": 0.003333333333333348, "124": 0.003333333333333348, "125": 0.003333333333333348, "126": 0.003333333333333348, "127": 0.003333333333333348, "128": 0.003333333333333348, "129": 0.003333333333333348, "130": 0.003333333333333348, "131": 0.003333333333333348, "132": 0.003333333333333348, "133": 0.003333333333333348, "134": 0.003333333333333348, "135": 0.003333333333333348, "136": 0.003333333333333348, "137": 0.003333333333333348, "138": 0.003333333333333348, "139": 0.003333333333333348, "140": 0.003333333333333348, "141": 0.003333333333333348, "142": 0.003333333333333348, "143": 0.003333333333333348, "144": 0.003333333333333348, "145": 0.003333333333333348, "146": 0.003333333333333348, "147": 0.003333333333333348, "148": 0.003333333333333348, "149": 0.003333333333333348, "150": 0.003333333333333348, "151": 0.003333333333333348, "152": 0.003333333333333348, "153": 0.003333333333333348, "154": 0.003333333333333348, "155": 0.003333333333333348, "156": 0.003333333333333348, "157": 0.003333333333333348, "158": 0.003333333333333348, "159": 0.003333333333333348, "160": 0.003333333333333348, "161": 0.003333333333333348, "162": 0.003333333333333348, "163": 0.003333333333333348, "164": 0.003333333333333348, "165": 0.003333333333333348, "166": 0.003333333333333348, "167": 0.003333333333333348, "168": 0.003333333333333348, "169": 0.003333333333333348, "170": 0.003333333333333348, "171": 0.003333333333333348, "172": 0.003333333333333348, "173": 0.003333333333333348, "174": 0.003333333333333348, "175": 0.003333333333333348, "176": 0.003333333333333348, "177": 0.003333333333333348, "178": 0.003333333333333348, "179": 0.003333333333333348, "180": 0.003333333333333348, "181": 0.003333333333333348, "182": 0.003333333333333348, "183": 0.003333333333333348, "184": 0.003333333333333348, "185": 0.003333333333333348, "186": 0.003333333333333348, "187": 0.003333333333333348, "188": 0.003333333333333348, "189": 0.003333333333333348, "190": 0.003333333333333348, "191": 0.003333333333333348, "192": 0.003333333333333348, "193": 0.003333333333333348, "194": 0.003333333333333348, "195": 0.003333333333333348, "196": 0.003333333333333348, "197": 0.003333333333333348, "198": 0.003333333333333348, "199": 0.003333333333333348, "200": 0.003333333333333348, "201": 0.003333333333333348, "202": 0.003333333333333348, "203": 0.003333333333333348, "204": 0.003333333333333348, "205": 0.003333333333333348, "206": 0.003333333333333348, "207": 0.003333333333333348, "208": 0.003333333333333348, "209": 0.003333333333333348, "210": 0.003333333333333348, "211": 0.003333333333333348, "212": 0.003333333333333348, "213": 0.003333333333333348, "214": 0.003333333333333348, "215": 0.003333333333333348, "216": 0.003333333333333348, "217": 0.003333333333333348, "218": 0.003333333333333348, "219": 0.003333333333333348, "220": 0.003333333333333348, "221": 0.003333333333333348, "222": 0.003333333333333348, "223": 0.003333333333333348, "224": 0.003333333333333348, "225": 0.003333333333333348, "226": 0.003333333333333348, "227": 0.003333333333333348, "228": 0.003333333333333348, "229": 0.003333333333333348, "230": 0.003333333333333348, "231": 0.003333333333333348, "232": 0.003333333333333348, "233": 0.003333333333333348, "234": 0.003333333333333348, "235": 0.003333333333333348, "236": 0.003333333333333348, "237": 0.003333333333333348, "238": 0.003333333333333348, "239": 0.003333333333333348, "240": 0.003333333333333348, "241": 0.003333333333333348, "242": 0.003333333333333348, "243": 0.003333333333333348, "244": 0.003333333333333348, "245": 0.003333333333333348, "246": 0.003333333333333348, "247": 0.003333333333333348, "248": 0.003333333333333348, "249": 0.003333333333333348, "250": 0.003333333333333348, "251": 0.003333333333333348, "252": 0.003333333333333348, "253": 0.003333333333333348, "254": 0.003333333333333348, "255": 0.003333333333333348, "256": 0.003333333333333348, "257": 0.003333333333333348, "258": 0.003333333333333348, "259": 0.003333333333333348, "260": 0.003333333333333348, "261": 0.003333333333333348, "262": 0.003333333333333348, "263": 0.003333333333333348, "264": 0.003333333333333348, "265": 0.003333333333333348, "266": 0.003333333333333348, "267": 0.003333333333333348, "268": 0.003333333333333348, "269": 0.003333333333333348, "270": 0.003333333333333348, "271": 0.003333333333333348, "272": 0.003333333333333348, "273": 0.003333333333333348, "274": 0.003333333333333348, "275": 0.003333333333333348, "276": 0.003333333333333348, "277": 0.003333333333333348,