{"function": "Pagerank", "result": {"0": 0.007352941176470607, "1": 0.007352941176470607, "2": 0.007352941176470607, "3": 0.007352941176470607, "4": 0.007352941176470607, "5": 0.007352941176470607, "6": 0.007352941176470607, "7": 0.007352941176470607, "8": 0.007352941176470607, "9": 0.007352941176470607, "10": 0.007352941176470607, "11": 0.007352941176470607, "12": 0.007352941176470607, "13": 0.007352941176470607, "14": 0.007352941176470607, "15": 0.007352941176470607, "16": 0.007352941176470607, "17": 0.007352941176470607, "18": 0.007352941176470607, "19": 0.007352941176470607, "20": 0.007352941176470607, "21": 0.007352941176470607, "22": 0.007352941176470607, "23": 0.007352941176470607, "24": 0.007352941176470607, "25": 0.007352941176470607, "26": 0.007352941176470607, "27": 0.007352941176470607, "28": 0.007352941176470607, "29": 0.007352941176470607, "30": 0.007352941176470607, "31": 0.007352941176470607, "32": 0.007352941176470607, "33": 0.007352941176470607, "34": 0.007352941176470607, "35": 0.007352941176470607, "36": 0.007352941176470607, "37": 0.007352941176470607, "38": 0.007352941176470607, "39": 0.007352941176470607, "40": 0.007352941176470607, "41": 0.007352941176470607, "42": 0.007352941176470607, "43": 0.007352941176470607, "44": 0.007352941176470607, "45": 0.007352941176470607, "46": 0.007352941176470607, "47": 0.007352941176470607, "48": 0.007352941176470607, "49": 0.007352941176470607, "50": 0.007352941176470607, "51": 0.007352941176470607, "52": 0.007352941176470607, "53": 0.007352941176470607, "54": 0.007352941176470607, "55": 0.007352941176470607, "56": 0.007352941176470607, "57": 0.007352941176470607, "58": 0.007352941176470607, "59": 0.007352941176470607, "60": 0.007352941176470607, "61": 0.007352941176470607, "62": 0.007352941176470607, "63": 0.007352941176470607, "64": 0.007352941176470607, "65": 0.007352941176470607, "66": 0.007352941176470607, "67": 0.007352941176470607, "68": 0.007352941176470607, "69": 0.007352941176470607, "70": 0.007352941176470607, "71": 0.007352941176470607, "72": 0.007352941176470607, "73": 0.007352941176470607, "74": 0.007352941176470607, "75": 0.007352941176470607, "76": 0.007352941176470607, "77": 0.007352941176470607, "78": 0.007352941176470607, "79": 0.007352941176470607, "80": 0.007352941176470607, "81": 0.007352941176470607, "82": 0.007352941176470607, "83": 0.007352941176470607, "84": 0.007352941176470607, "85": 0.007352941176470607, "86": 0.007352941176470607, "87": 0.007352941176470607, "88": 0.007352941176470607, "89": 0.007352941176470607, "90": 0.007352941176470607, "91": 0.007352941176470607, "92": 0.007352941176470607, "93": 0.007352941176470607, "94": 0.007352941176470607, "95": 0.007352941176470607, "96": 0.007352941176470607, "97": 0.007352941176470607, "98": 0.007352941176470607, "99": 0.007352941176470607, "100": 0.007352941176470607, "101": 0.007352941176470607, "102": 0.007352941176470607, "103": 0.007352941176470607, "104": 0.007352941176470607, "105": 0.007352941176470607, "106": 0.007352941176470607, "107": 0.007352941176470607, "108": 0.007352941176470607, "109": 0.007352941176470607, "110": 0.007352941176470607, "111": 0.007352941176470607, "112": 0.007352941176470607, "113": 0.007352941176470607, "114": 0.007352941176470607, "115": 0.007352941176470607, "116": 0.007352941176470607, "117": 0.007352941176470607, "118": 0.007352941176470607, "119": 0.007352941176470607, "120": 0.007352941176470607, "121": 0.007352941176470607, "122": 0.007352941176470607, "123": 0.007352941176470607, "124": 0.007352941176470607, "125": 0.007352941176470607, "126": 0.007352941176470607, "127": 0.007352941176470607, "128": 0.007352941176470607, "129": 0.007352941176470607, "130": 0.007352941176470607, "131": 0.007352941176470607, "132": 0.007352941176470607, "133": 0.007352941176470607, "134": 0.007352941176470607, "135": 0.007352941176470607}}