{"function": "Pagerank", "result": {"0": 0.015624999999999976, "1": 0.015624999999999976, "2": 0.015624999999999976, "3": 0.015624999999999976, "4": 0.015624999999999976, "5": 0.015624999999999976, "6": 0.015624999999999976, "7": 0.015624999999999976, "8": 0.015624999999999976, "9": 0.015624999999999976, "10": 0.015624999999999976, "11": 0.015624999999999976, "12": 0.015624999999999976, "13": 0.015624999999999976, "14": 0.015624999999999976, "15": 0.015624999999999976, "16": 0.015624999999999976, "17": 0.015624999999999976, "18": 0.015624999999999976, "19": 0.015624999999999976, "20": 0.015624999999999976, "21": 0.015624999999999976, "22": 0.015624999999999976, "23": 0.015624999999999976, "24": 0.015624999999999976, "25": 0.015624999999999976, "26": 0.015624999999999976, "27": 0.015624999999999976, "28": 0.015624999999999976, "29": 0.015624999999999976, "30": 0.015624999999999976, "31": 0.015624999999999976, "32": 0.015624999999999976, "33": 0.015624999999999976, "34": 0.015624999999999976, "35": 0.015624999999999976, "36": 0.015624999999999976, "37": 0.015624999999999976, "38": 0.015624999999999976, "39": 0.015624999999999976, "40": 0.015624999999999976, "41": 0.015624999999999976, "42": 0.015624999999999976, "43": 0.015624999999999976, "44": 0.015624999999999976, "45": 0.015624999999999976, "46": 0.015624999999999976, "47": 0.015624999999999976, "48": 0.015624999999999976, "49": 0.015624999999999976, "50": 0.015624999999999976, "51": 0.015624999999999976, "52": 0.015624999999999976, "53": 0.015624999999999976, "54": 0.015624999999999976, "55": 0.015624999999999976, "56": 0.015624999999999976, "57": 0.015624999999999976, "58": 0.015624999999999976, "59": 0.015624999999999976, "60": 0.015624999999999976, "61": 0.015624999999999976, "62": 0.015624999999999976, "63": 0.015624999999999976}}