{"RESULT": {"MST": [[0, 1], [0, 2], [0, 3], [0, 4], [0, 5], [0, 6], [0, 7], [0, 8], [0, 9], [0, 10], [0, 11], [0, 12], [0, 13], [0, 14], [0, 15], [0, 16], [0, 17], [0, 18], [0, 19], [0, 20], [0, 21], [0, 22], [0, 23], [0, 24], [0, 25], [0, 26], [0, 27], [0, 28], [0, 29], [0, 30], [0, 31], [0, 32], [0, 33], [0, 34], [0, 35], [0, 36], [0, 37], [0, 38], [0, 39], [0, 40], [0, 41], [0, 42], [0, 43], [0, 44], [0, 45], [0, 46], [0, 47], [0, 48], [0, 49], [0, 50], [0, 51], [0, 52], [0, 53], [0, 54], [0, 55], [0, 56], [0, 57], [0, 58], [0, 59], [0, 60], [0, 61], [0, 62], [0, 63]], "BFS": [0, 1, 2, 3, 4, 5, 6, 7, 8, 9, 10, 11, 12, 13, 14, 15, 16, 17, 18, 19, 20, 21, 22, 23, 24, 25, 26, 27, 28, 29, 30, 31, 32, 33, 34, 35, 36, 37, 38, 39, 40, 41, 42, 43, 44, 45, 46, 47, 48, 49, 50, 51, 52, 53, 54, 55, 56, 57, 58, 59, 60, 61, 62, 63], "Pagerank": {"0": 0.015624999999999976, "1": 0.015624999999999976, "2": 0.015624999999999976, "3": 0.015624999999999976, "4": 0.015624999999999976, "5": 0.015624999999999976, "6": 0.015624999999999976, "7": 0.015624999999999976, "8": 0.015624999999999976, "9": 0.015624999999999976, "10": 0.015624999999999976, "11": 0.015624999999999976, "12": 0.015624999999999976, "13": 0.015624999999999976, "14": 0.015624999999999976, "15": 0.015624999999999976, "16": 0.015624999999999976, "17": 0.015624999999999976, "18": 0.015624999999999976, "19": 0.015624999999999976, "20": 0.015624999999999976, "21": 0.015624999999999976, "22": 0.015624999999999976, "23": 0.015624999999999976, "24": 0.015624999999999976, "25": 0.015624999999999976, "26": 0.015624999999999976, "27": 0.015624999999999976, "28": 0.015624999999999976, "29": 0.015624999999999976, "30": 0.015624999999999976, "31": 0.015624999999999976, "32": 0.015624999999999976, "33": 0.015624999999999976, "34": 0.015624999999999976, "35": 0.015624999999999976, "36": 0.015624999999999976, "37": 0.015624999999999976, "38": 0.015624999999999976, "39": 0.015624999999999976, "40": 0.015624999999999976, "41": 0.015624999999999976, "42": 0.015624999999999976, "43": 0.015624999999999976, "44": 0.015624999999999976, "45": 0.015624999999999976, "46": 0.015624999999999976, "47": 0.015624999999999976, "48": 0.015624999999999976, "49": 0.015624999999999976, "50": 0.015624999999999976, "51": 0.015624999999999976, "52": 0.015624999999999976, "53": 0.015624999999999976, "54": 0.015624999999999976, "55": 0.015624999999999976, "56": 0.015624999999999976, "57": 0.015624999999999976, "58": 0.015624999999999976, "59": 0.015624999999999976, "60": 0.015624999999999976, "61": 0.015624999999999976, "62": 0.015624999999999976, "63": 0.015624999999999976}}}